County,PARAMETER,YEAR,JAN,FEB,MAR,APR,MAY,JUN,JUL,AUG,SEP,OCT,NOV,DEC,ANN
Yazd,T2M,2015,6.54,8.09,10.47,18.74,24.02,29.34,28.09,27.17,22.47,19.86,10.25,5.5,17.59
Yazd,T2M,2016,6.43,8.25,12.76,16.36,24.83,26.61,29.71,25.94,25.84,17.93,10.27,8.89,17.85
Yazd,T2M,2017,5.67,6.09,11.4,19.19,24.53,28.78,28.38,26.22,23.62,19.23,11.98,8.02,17.82
Yazd,T2M,2018,5.58,8.83,15.63,16.6,20.9,28.33,29.26,27.98,24.48,17.59,10.87,8.15,17.9
Yazd,T2M,2019,7.12,5.99,9.6,15.41,22.53,28.66,31.12,27.76,25.65,18.9,8.17,6.99,17.39
Yazd,T2M,2020,3.1,8.04,10.76,16.04,23.02,28.79,28.97,28.22,22.44,16.03,11.17,5.15,16.83
Yazd,T2M,2021,4.72,9.27,13.65,19.58,23.32,29.16,30.35,27.72,25.16,17.29,10.08,7.93,18.23
Yazd,T2M,2022,5.14,8.17,14.31,20.49,21.8,28.68,29.21,25.45,25.06,19.83,12.16,5.37,18.01
Yazd,T2M,2023,1.67,7.09,13.5,17.39,23.55,29.34,30.43,27.51,24.61,19.91,13.61,9.38,18.22
Yazd,T2M,2024,7.97,6.11,10.3,15.69,21.87,28.48,31.79,30.82,23.79,19.08,13.82,5.57,17.98
Yazd,T2M_MAX,2015,20.2,22.78,26.82,32.66,37.24,40.72,38.33,37.94,36.45,32.24,22.97,22.66,40.72
Yazd,T2M_MAX,2016,19.61,25.78,27.67,32.86,36.74,39.03,40.24,36.97,38.19,30.11,26.63,24.15,40.24
Yazd,T2M_MAX,2017,22.3,20.27,24.7,33.94,37.8,41.31,40.92,37.52,35.7,32.68,27.43,25.16,41.31
Yazd,T2M_MAX,2018,20.9,24.19,32.28,30.18,36.41,40.73,40.7,39.08,37.94,31.34,22.86,22.1,40.73
Yazd,T2M_MAX,2019,19.66,20.53,22.58,28.39,33.95,41.32,42.14,42.76,38.93,32.08,24.42,18.83,42.76
Yazd,T2M_MAX,2020,15.19,22.98,23.15,31.82,37.16,40.56,40.21,42.29,35.05,30.15,26.4,19.06,42.29
Yazd,T2M_MAX,2021,20.84,23.93,30.51,31.95,38.01,41.81,41.98,38.86,36.64,32.85,25.52,21.82,41.98
Yazd,T2M_MAX,2022,19.77,23.19,28.59,30.89,36.07,41.31,42.15,40.14,36.26,31.17,27.85,18.49,42.15
Yazd,T2M_MAX,2023,14.41,21.17,25.65,29.99,36.77,42.17,41.72,40.12,37.9,33.08,25.46,21.01,42.17
Yazd,T2M_MAX,2024,20.6,22.32,24.59,28.97,37.14,39.98,44.36,42.68,36.05,32.43,29.61,20.81,44.36
Yazd,T2M_MIN,2015,-6,-5.83,-4.78,4.58,11.74,18.69,15.68,16.41,10.79,7.35,-0.05,-4.86,-6
Yazd,T2M_MIN,2016,-5.04,-5.76,0.57,-0.14,11.24,13.54,19.42,14.96,10.77,5.78,-7.01,-3.75,-7.01
Yazd,T2M_MIN,2017,-4.64,-6.34,-1.11,2.77,11.58,14.35,17.15,14.19,11.77,7.22,-1.49,-3.88,-6.34
Yazd,T2M_MIN,2018,-6.35,-3,1.89,2.94,8.85,16.37,17.18,17.42,12.8,4.35,1.07,-1.86,-6.35
Yazd,T2M_MIN,2019,-4.37,-4.23,-2.4,2.31,9.24,14.78,19.25,16.72,12.3,8.02,-3.8,-2.44,-4.37
Yazd,T2M_MIN,2020,-6.88,-6.52,-2.56,1.36,8.96,16.67,17.78,14.76,9.08,5.14,-0.36,-5.92,-6.88
Yazd,T2M_MIN,2021,-6.53,-6.11,0.2,5.36,10.31,17.54,18.64,16.89,12.99,4.54,-1.79,-1.28,-6.53
Yazd,T2M_MIN,2022,-5.44,-3.78,1.11,7.32,8.47,15.98,18.05,12.15,16.17,9.54,3.02,-3.98,-5.44
Yazd,T2M_MIN,2023,-6.79,-5.52,1.68,2.04,7.19,17.02,19.69,13.45,11.66,9.83,3.02,-1.18,-6.79
Yazd,T2M_MIN,2024,-2.41,-7.75,-7.94,5.03,8.58,15.95,21.2,17.65,8.52,5.27,-0.62,-6.19,-7.94
Ardakan,T2M,2015,8.11,9.88,12.16,20.55,26.1,31.36,30.42,29.35,24.59,21.6,11.75,6.41,19.4
Ardakan,T2M,2016,7.9,9.9,14.68,18.41,26.84,28.83,31.72,28.32,27.45,19.44,11.46,9.95,19.61
Ardakan,T2M,2017,6.9,7.09,13.15,20.84,26.69,30.61,30.65,28.68,25.85,20.95,13.88,9.65,19.65
Ardakan,T2M,2018,7.35,10.4,17.74,18.02,22.8,30.17,31.78,30.17,26.43,19.42,12.17,9.6,19.72
Ardakan,T2M,2019,8.45,7.78,11.49,17.08,24.89,30.71,33.27,29.96,27.13,20.77,9.43,8.48,19.19
Ardakan,T2M,2020,4.77,9.63,12.85,17.71,24.97,30.6,30.97,29.85,24.53,17.62,12.48,6.09,18.52
Ardakan,T2M,2021,6.04,10.46,14.98,21.67,25.42,31.16,32.53,29.86,27.05,18.83,11.55,9.24,19.94
Ardakan,T2M,2022,6.66,9.7,15.5,22.43,23.92,31.01,31.07,28.05,27.02,21.74,13.45,6.62,19.81
Ardakan,T2M,2023,2.82,8.01,15.29,19.59,25.64,30.85,32.42,29.8,26.11,21.67,15.29,10.74,19.92
Ardakan,T2M,2024,9.78,7.51,11.95,17.64,23.74,30.41,33.21,32.26,25.32,20.77,15.18,6.77,19.58
Ardakan,T2M_MAX,2015,22.14,24.45,28.07,34.83,39.9,43.33,40.9,39.96,39.47,34.56,24.25,23.36,43.33
Ardakan,T2M_MAX,2016,21.21,28.16,29.14,35.53,39.32,41.55,43.02,39.09,40.4,32,29.36,26.16,43.02
Ardakan,T2M_MAX,2017,24.08,21.79,26.09,36.32,39.81,43.16,42.19,40.36,38.12,34.48,28.66,26.93,43.16
Ardakan,T2M_MAX,2018,23.08,26.07,34.47,31.81,37.93,41.64,43.2,42.4,40.66,33.49,23.63,22.97,43.2
Ardakan,T2M_MAX,2019,21.39,21.7,25.06,30.33,36.45,43.44,44.62,45.06,40.59,34.61,26.27,20.7,45.06
Ardakan,T2M_MAX,2020,17.1,24.45,27.69,33.85,39.35,43.01,41.36,43.98,37.07,32.01,28.13,20.1,43.98
Ardakan,T2M_MAX,2021,22.44,26.76,32.95,34.57,40.05,43.51,44.8,41.21,39.41,35.13,28.19,24.25,44.8
Ardakan,T2M_MAX,2022,21.52,24.43,29.4,33.83,38.61,44.58,44.02,42.55,38.84,33.06,30.02,19.42,44.58
Ardakan,T2M_MAX,2023,17.62,20.74,26.9,32.52,39.49,44.38,43.87,42.4,40.12,34.79,26.82,22.93,44.38
Ardakan,T2M_MAX,2024,22.72,24.82,26.91,30.71,39.21,41.51,45.62,44.79,37.93,35.19,31.68,21.23,45.62
Ardakan,T2M_MIN,2015,-3.2,-4.14,-3.3,6.92,14.1,19.94,17.61,19.11,12.69,9.74,2.13,-2.93,-4.14
Ardakan,T2M_MIN,2016,-3.72,-4.91,2.64,2.44,14.11,16.43,20.78,17.05,12.87,7.44,-5.94,-1.59,-5.94
Ardakan,T2M_MIN,2017,-3.13,-5.2,0.52,4.31,13.28,16.62,18.82,16.25,13.78,8.47,0.55,-1.89,-5.2
Ardakan,T2M_MIN,2018,-4.85,-1.86,4.03,3.32,10.56,18.77,19.53,18.32,15.33,6.46,3.03,-0.35,-4.85
Ardakan,T2M_MIN,2019,-3.23,-2.83,-0.45,3.72,11.41,16.73,20.3,19.2,13.82,10.22,-0.59,-0.48,-3.23
Ardakan,T2M_MIN,2020,-5.14,-5.61,-0.19,1.7,11.57,18.69,20.11,16.86,11.76,7.31,1.82,-4.52,-5.61
Ardakan,T2M_MIN,2021,-5.34,-5.21,1.23,6.52,13.07,20.11,20.58,19.46,15.45,6.03,0.93,-0.65,-5.34
Ardakan,T2M_MIN,2022,-4.36,-1.65,2.37,9.18,11.11,18.35,19.12,14.73,17.25,11.93,3.68,-2.25,-4.36
Ardakan,T2M_MIN,2023,-5.84,-4.8,3.66,4.41,9.55,19,21,15.3,13.78,11.97,4.62,-0.42,-5.84
Ardakan,T2M_MIN,2024,-0.38,-5.17,-6.53,6.09,10.67,17.82,22.44,19.48,10.76,6.47,1,-5.05,-6.53
Meybod,T2M,2015,8.11,9.88,12.16,20.55,26.1,31.36,30.42,29.35,24.59,21.6,11.75,6.41,19.4
Meybod,T2M,2016,7.9,9.9,14.68,18.41,26.84,28.83,31.72,28.32,27.45,19.44,11.46,9.95,19.61
Meybod,T2M,2017,6.9,7.09,13.15,20.84,26.69,30.61,30.65,28.68,25.85,20.95,13.88,9.65,19.65
Meybod,T2M,2018,7.35,10.4,17.74,18.02,22.8,30.17,31.78,30.17,26.43,19.42,12.17,9.6,19.72
Meybod,T2M,2019,8.45,7.78,11.49,17.08,24.89,30.71,33.27,29.96,27.13,20.77,9.43,8.48,19.19
Meybod,T2M,2020,4.77,9.63,12.85,17.71,24.97,30.6,30.97,29.85,24.53,17.62,12.48,6.09,18.52
Meybod,T2M,2021,6.04,10.46,14.98,21.67,25.42,31.16,32.53,29.86,27.05,18.83,11.55,9.24,19.94
Meybod,T2M,2022,6.66,9.7,15.5,22.43,23.92,31.01,31.07,28.05,27.02,21.74,13.45,6.62,19.81
Meybod,T2M,2023,2.82,8.01,15.29,19.59,25.64,30.85,32.42,29.8,26.11,21.67,15.29,10.74,19.92
Meybod,T2M,2024,9.78,7.51,11.95,17.64,23.74,30.41,33.21,32.26,25.32,20.77,15.18,6.77,19.58
Meybod,T2M_MAX,2015,22.14,24.45,28.07,34.83,39.9,43.33,40.9,39.96,39.47,34.56,24.25,23.36,43.33
Meybod,T2M_MAX,2016,21.21,28.16,29.14,35.53,39.32,41.55,43.02,39.09,40.4,32,29.36,26.16,43.02
Meybod,T2M_MAX,2017,24.08,21.79,26.09,36.32,39.81,43.16,42.19,40.36,38.12,34.48,28.66,26.93,43.16
Meybod,T2M_MAX,2018,23.08,26.07,34.47,31.81,37.93,41.64,43.2,42.4,40.66,33.49,23.63,22.97,43.2
Meybod,T2M_MAX,2019,21.39,21.7,25.06,30.33,36.45,43.44,44.62,45.06,40.59,34.61,26.27,20.7,45.06
Meybod,T2M_MAX,2020,17.1,24.45,27.69,33.85,39.35,43.01,41.36,43.98,37.07,32.01,28.13,20.1,43.98
Meybod,T2M_MAX,2021,22.44,26.76,32.95,34.57,40.05,43.51,44.8,41.21,39.41,35.13,28.19,24.25,44.8
Meybod,T2M_MAX,2022,21.52,24.43,29.4,33.83,38.61,44.58,44.02,42.55,38.84,33.06,30.02,19.42,44.58
Meybod,T2M_MAX,2023,17.62,20.74,26.9,32.52,39.49,44.38,43.87,42.4,40.12,34.79,26.82,22.93,44.38
Meybod,T2M_MAX,2024,22.72,24.82,26.91,30.71,39.21,41.51,45.62,44.79,37.93,35.19,31.68,21.23,45.62
Meybod,T2M_MIN,2015,-3.2,-4.14,-3.3,6.92,14.1,19.94,17.61,19.11,12.69,9.74,2.13,-2.93,-4.14
Meybod,T2M_MIN,2016,-3.72,-4.91,2.64,2.44,14.11,16.43,20.78,17.05,12.87,7.44,-5.94,-1.59,-5.94
Meybod,T2M_MIN,2017,-3.13,-5.2,0.52,4.31,13.28,16.62,18.82,16.25,13.78,8.47,0.55,-1.89,-5.2
Meybod,T2M_MIN,2018,-4.85,-1.86,4.03,3.32,10.56,18.77,19.53,18.32,15.33,6.46,3.03,-0.35,-4.85
Meybod,T2M_MIN,2019,-3.23,-2.83,-0.45,3.72,11.41,16.73,20.3,19.2,13.82,10.22,-0.59,-0.48,-3.23
Meybod,T2M_MIN,2020,-5.14,-5.61,-0.19,1.7,11.57,18.69,20.11,16.86,11.76,7.31,1.82,-4.52,-5.61
Meybod,T2M_MIN,2021,-5.34,-5.21,1.23,6.52,13.07,20.11,20.58,19.46,15.45,6.03,0.93,-0.65,-5.34
Meybod,T2M_MIN,2022,-4.36,-1.65,2.37,9.18,11.11,18.35,19.12,14.73,17.25,11.93,3.68,-2.25,-4.36
Meybod,T2M_MIN,2023,-5.84,-4.8,3.66,4.41,9.55,19,21,15.3,13.78,11.97,4.62,-0.42,-5.84
Meybod,T2M_MIN,2024,-0.38,-5.17,-6.53,6.09,10.67,17.82,22.44,19.48,10.76,6.47,1,-5.05,-6.53
Taft,T2M,2015,6.54,8.09,10.47,18.74,24.02,29.34,28.09,27.17,22.47,19.86,10.25,5.5,17.59
Taft,T2M,2016,6.43,8.25,12.76,16.36,24.83,26.61,29.71,25.94,25.84,17.93,10.27,8.89,17.85
Taft,T2M,2017,5.67,6.09,11.4,19.19,24.53,28.78,28.38,26.22,23.62,19.23,11.98,8.02,17.82
Taft,T2M,2018,5.58,8.83,15.63,16.6,20.9,28.33,29.26,27.98,24.48,17.59,10.87,8.15,17.9
Taft,T2M,2019,7.12,5.99,9.6,15.41,22.53,28.66,31.12,27.76,25.65,18.9,8.17,6.99,17.39
Taft,T2M,2020,3.1,8.04,10.76,16.04,23.02,28.79,28.97,28.22,22.44,16.03,11.17,5.15,16.83
Taft,T2M,2021,4.72,9.27,13.65,19.58,23.32,29.16,30.35,27.72,25.16,17.29,10.08,7.93,18.23
Taft,T2M,2022,5.14,8.17,14.31,20.49,21.8,28.68,29.21,25.45,25.06,19.83,12.16,5.37,18.01
Taft,T2M,2023,1.67,7.09,13.5,17.39,23.55,29.34,30.43,27.51,24.61,19.91,13.61,9.38,18.22
Taft,T2M,2024,7.97,6.11,10.3,15.69,21.87,28.48,31.79,30.82,23.79,19.08,13.82,5.57,17.98
Taft,T2M_MAX,2015,20.2,22.78,26.82,32.66,37.24,40.72,38.33,37.94,36.45,32.24,22.97,22.66,40.72
Taft,T2M_MAX,2016,19.61,25.78,27.67,32.86,36.74,39.03,40.24,36.97,38.19,30.11,26.63,24.15,40.24
Taft,T2M_MAX,2017,22.3,20.27,24.7,33.94,37.8,41.31,40.92,37.52,35.7,32.68,27.43,25.16,41.31
Taft,T2M_MAX,2018,20.9,24.19,32.28,30.18,36.41,40.73,40.7,39.08,37.94,31.34,22.86,22.1,40.73
Taft,T2M_MAX,2019,19.66,20.53,22.58,28.39,33.95,41.32,42.14,42.76,38.93,32.08,24.42,18.83,42.76
Taft,T2M_MAX,2020,15.19,22.98,23.15,31.82,37.16,40.56,40.21,42.29,35.05,30.15,26.4,19.06,42.29
Taft,T2M_MAX,2021,20.84,23.93,30.51,31.95,38.01,41.81,41.98,38.86,36.64,32.85,25.52,21.82,41.98
Taft,T2M_MAX,2022,19.77,23.19,28.59,30.89,36.07,41.31,42.15,40.14,36.26,31.17,27.85,18.49,42.15
Taft,T2M_MAX,2023,14.41,21.17,25.65,29.99,36.77,42.17,41.72,40.12,37.9,33.08,25.46,21.01,42.17
Taft,T2M_MAX,2024,20.6,22.32,24.59,28.97,37.14,39.98,44.36,42.68,36.05,32.43,29.61,20.81,44.36
Taft,T2M_MIN,2015,-6,-5.83,-4.78,4.58,11.74,18.69,15.68,16.41,10.79,7.35,-0.05,-4.86,-6
Taft,T2M_MIN,2016,-5.04,-5.76,0.57,-0.14,11.24,13.54,19.42,14.96,10.77,5.78,-7.01,-3.75,-7.01
Taft,T2M_MIN,2017,-4.64,-6.34,-1.11,2.77,11.58,14.35,17.15,14.19,11.77,7.22,-1.49,-3.88,-6.34
Taft,T2M_MIN,2018,-6.35,-3,1.89,2.94,8.85,16.37,17.18,17.42,12.8,4.35,1.07,-1.86,-6.35
Taft,T2M_MIN,2019,-4.37,-4.23,-2.4,2.31,9.24,14.78,19.25,16.72,12.3,8.02,-3.8,-2.44,-4.37
Taft,T2M_MIN,2020,-6.88,-6.52,-2.56,1.36,8.96,16.67,17.78,14.76,9.08,5.14,-0.36,-5.92,-6.88
Taft,T2M_MIN,2021,-6.53,-6.11,0.2,5.36,10.31,17.54,18.64,16.89,12.99,4.54,-1.79,-1.28,-6.53
Taft,T2M_MIN,2022,-5.44,-3.78,1.11,7.32,8.47,15.98,18.05,12.15,16.17,9.54,3.02,-3.98,-5.44
Taft,T2M_MIN,2023,-6.79,-5.52,1.68,2.04,7.19,17.02,19.69,13.45,11.66,9.83,3.02,-1.18,-6.79
Taft,T2M_MIN,2024,-2.41,-7.75,-7.94,5.03,8.58,15.95,21.2,17.65,8.52,5.27,-0.62,-6.19,-7.94
Mehriz,T2M,2015,5.26,6.8,9.1,17.39,22.42,27.5,26.38,25.49,21.02,18.47,9.26,4.57,16.19
Mehriz,T2M,2016,5.03,6.89,11.24,14.87,23.3,24.99,28.46,24.18,24.6,16.81,9.49,7.98,16.52
Mehriz,T2M,2017,4.58,4.78,9.77,17.64,22.95,27.52,26.74,24.49,21.9,17.93,10.61,6.72,16.36
Mehriz,T2M,2018,4.27,7.76,14.01,15.71,19.53,27.04,27.49,26.32,23.07,16.31,9.58,6.78,16.54
Mehriz,T2M,2019,5.91,4.34,7.98,13.68,20.86,27.13,29.63,26.17,24.65,17.66,7.26,5.6,15.98
Mehriz,T2M,2020,1.86,6.73,9.16,14.59,21.4,27.38,27.5,27.25,20.88,14.76,9.91,4.27,15.49
Mehriz,T2M,2021,3.67,8.07,12.45,18.11,21.84,27.56,28.91,26.08,23.7,16.37,9,6.78,16.92
Mehriz,T2M,2022,3.89,6.85,13.08,18.96,20.46,27.06,27.83,23.7,23.62,18.37,10.91,4.26,16.62
Mehriz,T2M,2023,0.81,6.23,11.72,15.86,22.05,28.33,29.19,25.89,23.51,18.62,12.15,8.2,16.93
Mehriz,T2M,2024,6.72,4.98,9.09,14.18,20.46,27.06,30.79,29.71,22.83,17.85,12.66,4.64,16.79
Mehriz,T2M_MAX,2015,18.9,21.2,24.85,30.55,35.49,38.97,36.33,37.02,35.03,30.24,21.53,21.32,38.97
Mehriz,T2M_MAX,2016,17.15,23.74,24.99,30.88,34.92,36.97,39.5,35.64,36.25,28.94,24.64,21.86,39.5
Mehriz,T2M_MAX,2017,20.5,17.05,23.09,31.93,36.64,39.73,39.75,36.02,33.72,31.04,25.65,22.9,39.75
Mehriz,T2M_MAX,2018,19.09,22.32,30.27,28.24,34.86,38.95,38.66,37.72,36.22,30.17,21.31,19.95,38.95
Mehriz,T2M_MAX,2019,17.34,18.81,20.52,25.9,32.53,39.54,40.12,40.7,37.07,30.97,22.85,16.95,40.7
Mehriz,T2M_MAX,2020,13.38,21.69,21.44,29.31,35.17,38.71,38.32,41.07,33.53,28.62,24.88,17.79,41.07
Mehriz,T2M_MAX,2021,18.66,21.72,28.28,30.04,35.91,39.77,40.29,37.27,34.66,30.84,24.2,19.98,40.29
Mehriz,T2M_MAX,2022,17.44,21.36,26.68,28.99,34.29,39.39,40.58,38.06,35.36,29.65,25.9,17.59,40.58
Mehriz,T2M_MAX,2023,11.94,19.38,23.59,28.16,34.63,40.75,40.5,38.15,36.58,31.54,23.86,19.97,40.75
Mehriz,T2M_MAX,2024,18.4,19.74,23.37,27.09,35.46,39.21,42.79,41.13,34.67,30.35,27.58,19.13,42.79
Mehriz,T2M_MIN,2015,-6.43,-6.92,-5.28,2.36,9.8,16.58,14.7,15.37,8.95,6.71,-0.72,-5.29,-6.92
Mehriz,T2M_MIN,2016,-5.25,-5.66,-1.27,-0.76,9.32,12.26,17.36,14.1,10.01,5.36,-7.42,-4.44,-7.42
Mehriz,T2M_MIN,2017,-5.82,-7.79,-1.26,2.71,10.68,13.59,15.68,12.75,10.82,6.43,-2.97,-4.22,-7.79
Mehriz,T2M_MIN,2018,-7.78,-2.35,0.21,2.05,7.15,15.49,15.4,15.85,11.03,2.39,-0.12,-3.63,-7.78
Mehriz,T2M_MIN,2019,-4.9,-6.97,-4.39,0.61,8,13.78,18.66,15.59,12.02,6.85,-5.43,-3.2,-6.97
Mehriz,T2M_MIN,2020,-9.36,-6.87,-2.69,1.51,8.24,15.49,16.32,13.56,7.03,3.5,-1.82,-6.27,-9.36
Mehriz,T2M_MIN,2021,-7.12,-6.59,-0.67,2.88,8.38,15.89,17.11,14.96,11.6,4.15,-2.04,-2.78,-7.12
Mehriz,T2M_MIN,2022,-6.75,-4.54,-1.1,5.89,7.1,13.54,16.04,10.87,15.19,8.13,1.24,-5.33,-6.75
Mehriz,T2M_MIN,2023,-8.52,-5.67,0.05,0.33,6.27,15.71,17.95,13.14,10.5,8.83,1.83,-2.05,-8.52
Mehriz,T2M_MIN,2024,-3.19,-8.98,-9.04,3.27,6.87,14.53,19.48,16.26,7.54,4.17,-1.93,-6.5,-9.04
Bafgh,T2M,2015,7.28,9.3,11.45,20.56,25.57,30.28,29.38,28.16,23.6,21.09,11.13,6.21,18.71
Bafgh,T2M,2016,7.02,8.78,14.13,18.1,26.62,28.01,31.27,26.65,27.25,19.48,11.61,10.36,19.14
Bafgh,T2M,2017,6.73,7.03,12.32,20.48,26.14,30.31,29.39,27.04,24.09,20.23,12.68,8.12,18.77
Bafgh,T2M,2018,6.16,10.22,16.18,18.69,22.75,30.15,30.23,28.85,25.3,18.8,12.32,8.77,19.08
Bafgh,T2M,2019,8.28,7.03,10.73,17.06,24.1,30.05,32.68,28.66,27.06,20.14,9.45,7.56,18.64
Bafgh,T2M,2020,4.14,8.87,11.77,17.55,24.13,30.65,30.82,30.4,23.09,16.65,12.09,6.29,18.06
Bafgh,T2M,2021,4.98,10.39,15.16,21.19,24.55,30.41,32,28.91,25.98,18.39,10.99,8.51,19.33
Bafgh,T2M,2022,5.77,8.95,16.01,21.95,23.43,29.99,30.95,25.72,25.82,20.55,13.53,6.57,19.15
Bafgh,T2M,2023,2.6,8.94,14.38,19.16,24.86,31.63,32.03,28.54,26.26,21.15,14.6,10.13,19.57
Bafgh,T2M,2024,9.08,7.33,11.54,16.78,23.28,30.3,34.01,32.47,25.41,20.56,15.35,6.18,19.39
Bafgh,T2M_MAX,2015,21.37,24.84,27.13,34.67,38.74,41.47,39.12,39.5,36.57,33.28,23.74,24.82,41.47
Bafgh,T2M_MAX,2016,20,26.69,28.8,34.82,38.18,40.04,42.39,37.97,38.92,30.9,27.66,24.96,42.39
Bafgh,T2M_MAX,2017,23.14,19.26,26.13,34.78,39.5,42.26,41.84,39.15,36.76,33.53,28.9,24.5,42.26
Bafgh,T2M_MAX,2018,22.33,25.85,33.46,32.54,38,41.45,41.78,41.28,39.13,32.33,24.89,22.6,41.78
Bafgh,T2M_MAX,2019,20.81,21.56,23.69,29.89,35.16,43.01,43.56,44.06,40.18,33.94,25.14,20.16,44.06
Bafgh,T2M_MAX,2020,16.03,25.41,24.06,33.01,38.55,41.9,41.61,43.47,36.56,31.48,27.5,21.02,43.47
Bafgh,T2M_MAX,2021,22.82,24.48,32.1,33.93,39.21,42.96,43.9,39.88,37.97,34.12,26.47,21.34,43.9
Bafgh,T2M_MAX,2022,21.85,24.8,31.29,33.3,37.23,42.2,43.66,40.16,37.64,32.81,28.32,19.65,43.66
Bafgh,T2M_MAX,2023,17.31,23.4,26.9,31.07,38.34,43.23,42.86,39.97,39.29,34.18,26.32,22.38,43.23
Bafgh,T2M_MAX,2024,21.89,23.58,25.09,29.96,38.61,41.67,45.51,44.53,37.97,33.55,31.08,20.28,45.51
Bafgh,T2M_MIN,2015,-4.71,-4.05,-3.12,7.15,12.91,18.34,18.61,17.12,10.35,8.6,-0.39,-3.76,-4.71
Bafgh,T2M_MIN,2016,-3.1,-5.08,2.32,1.6,12.15,15.38,19.45,15.66,13.03,8.64,-5.01,-2.23,-5.08
Bafgh,T2M_MIN,2017,-4.61,-6.8,0.73,3.74,14.3,16.69,16.32,14,12.59,8.73,-1.28,-3.48,-6.8
Bafgh,T2M_MIN,2018,-5.69,-2.76,2.02,4.04,9.3,18.31,17.99,17.64,13.4,5.17,1.82,-2.74,-5.69
Bafgh,T2M_MIN,2019,-3.03,-4.08,-1.34,3.33,11.33,16.36,21.39,16.49,14.19,9.38,-1.55,-1.76,-4.08
Bafgh,T2M_MIN,2020,-6.86,-4.05,-2.4,3.87,10.46,18.81,20.12,15.1,9.98,5.34,0.46,-4.79,-6.86
Bafgh,T2M_MIN,2021,-6.3,-4.26,1.38,6.62,10.57,16.51,19.83,16.76,14.54,5.52,-0.45,-0.96,-6.3
Bafgh,T2M_MIN,2022,-4.23,-3.26,2.34,8.65,10.08,14.2,18.55,12.2,16.44,10.11,3.47,-3.89,-4.23
Bafgh,T2M_MIN,2023,-6.84,-4.96,3,4.98,9.22,18.83,20.33,14.73,12.58,12,3.6,-0.15,-6.84
Bafgh,T2M_MIN,2024,-3.01,-7.74,-8.32,5.52,9.54,17.8,23.14,17.59,9.28,7.11,1.47,-5.53,-8.32
Ashkezar,T2M,2015,6.54,8.09,10.47,18.74,24.02,29.34,28.09,27.17,22.47,19.86,10.25,5.5,17.59
Ashkezar,T2M,2016,6.43,8.25,12.76,16.36,24.83,26.61,29.71,25.94,25.84,17.93,10.27,8.89,17.85
Ashkezar,T2M,2017,5.67,6.09,11.4,19.19,24.53,28.78,28.38,26.22,23.62,19.23,11.98,8.02,17.82
Ashkezar,T2M,2018,5.58,8.83,15.63,16.6,20.9,28.33,29.26,27.98,24.48,17.59,10.87,8.15,17.9
Ashkezar,T2M,2019,7.12,5.99,9.6,15.41,22.53,28.66,31.12,27.76,25.65,18.9,8.17,6.99,17.39
Ashkezar,T2M,2020,3.1,8.04,10.76,16.04,23.02,28.79,28.97,28.22,22.44,16.03,11.17,5.15,16.83
Ashkezar,T2M,2021,4.72,9.27,13.65,19.58,23.32,29.16,30.35,27.72,25.16,17.29,10.08,7.93,18.23
Ashkezar,T2M,2022,5.14,8.17,14.31,20.49,21.8,28.68,29.21,25.45,25.06,19.83,12.16,5.37,18.01
Ashkezar,T2M,2023,1.67,7.09,13.5,17.39,23.55,29.34,30.43,27.51,24.61,19.91,13.61,9.38,18.22
Ashkezar,T2M,2024,7.97,6.11,10.3,15.69,21.87,28.48,31.79,30.82,23.79,19.08,13.82,5.57,17.98
Ashkezar,T2M_MAX,2015,20.2,22.78,26.82,32.66,37.24,40.72,38.33,37.94,36.45,32.24,22.97,22.66,40.72
Ashkezar,T2M_MAX,2016,19.61,25.78,27.67,32.86,36.74,39.03,40.24,36.97,38.19,30.11,26.63,24.15,40.24
Ashkezar,T2M_MAX,2017,22.3,20.27,24.7,33.94,37.8,41.31,40.92,37.52,35.7,32.68,27.43,25.16,41.31
Ashkezar,T2M_MAX,2018,20.9,24.19,32.28,30.18,36.41,40.73,40.7,39.08,37.94,31.34,22.86,22.1,40.73
Ashkezar,T2M_MAX,2019,19.66,20.53,22.58,28.39,33.95,41.32,42.14,42.76,38.93,32.08,24.42,18.83,42.76
Ashkezar,T2M_MAX,2020,15.19,22.98,23.15,31.82,37.16,40.56,40.21,42.29,35.05,30.15,26.4,19.06,42.29
Ashkezar,T2M_MAX,2021,20.84,23.93,30.51,31.95,38.01,41.81,41.98,38.86,36.64,32.85,25.52,21.82,41.98
Ashkezar,T2M_MAX,2022,19.77,23.19,28.59,30.89,36.07,41.31,42.15,40.14,36.26,31.17,27.85,18.49,42.15
Ashkezar,T2M_MAX,2023,14.41,21.17,25.65,29.99,36.77,42.17,41.72,40.12,37.9,33.08,25.46,21.01,42.17
Ashkezar,T2M_MAX,2024,20.6,22.32,24.59,28.97,37.14,39.98,44.36,42.68,36.05,32.43,29.61,20.81,44.36
Ashkezar,T2M_MIN,2015,-6,-5.83,-4.78,4.58,11.74,18.69,15.68,16.41,10.79,7.35,-0.05,-4.86,-6
Ashkezar,T2M_MIN,2016,-5.04,-5.76,0.57,-0.14,11.24,13.54,19.42,14.96,10.77,5.78,-7.01,-3.75,-7.01
Ashkezar,T2M_MIN,2017,-4.64,-6.34,-1.11,2.77,11.58,14.35,17.15,14.19,11.77,7.22,-1.49,-3.88,-6.34
Ashkezar,T2M_MIN,2018,-6.35,-3,1.89,2.94,8.85,16.37,17.18,17.42,12.8,4.35,1.07,-1.86,-6.35
Ashkezar,T2M_MIN,2019,-4.37,-4.23,-2.4,2.31,9.24,14.78,19.25,16.72,12.3,8.02,-3.8,-2.44,-4.37
Ashkezar,T2M_MIN,2020,-6.88,-6.52,-2.56,1.36,8.96,16.67,17.78,14.76,9.08,5.14,-0.36,-5.92,-6.88
Ashkezar,T2M_MIN,2021,-6.53,-6.11,0.2,5.36,10.31,17.54,18.64,16.89,12.99,4.54,-1.79,-1.28,-6.53
Ashkezar,T2M_MIN,2022,-5.44,-3.78,1.11,7.32,8.47,15.98,18.05,12.15,16.17,9.54,3.02,-3.98,-5.44
Ashkezar,T2M_MIN,2023,-6.79,-5.52,1.68,2.04,7.19,17.02,19.69,13.45,11.66,9.83,3.02,-1.18,-6.79
Ashkezar,T2M_MIN,2024,-2.41,-7.75,-7.94,5.03,8.58,15.95,21.2,17.65,8.52,5.27,-0.62,-6.19,-7.94
Abarkooh,T2M,2015,4.57,5.94,8.12,15.77,21.15,27.08,26.24,25.29,20.97,17.86,8.55,4.02,15.51
Abarkooh,T2M,2016,3.89,5.64,9.77,13.47,21.99,24.72,28.69,24.18,23.72,16.67,9.57,7.16,15.82
Abarkooh,T2M,2017,4.13,4.11,8.43,15.97,21.29,26.96,26.84,24.46,21.84,17.64,10.2,6.37,15.75
Abarkooh,T2M,2018,3.49,7.18,12.53,14.49,18.28,26.68,27.33,26.69,23.33,16.14,8.56,5.66,15.91
Abarkooh,T2M,2019,4.96,3.72,6.56,11.79,18.81,26.33,29.48,26.31,24.49,17.49,7.03,4.67,15.21
Abarkooh,T2M,2020,1.52,5.68,8.12,13.06,19.25,26.02,27.36,27.83,21.31,15,9.84,4.09,14.95
Abarkooh,T2M,2021,3.03,6.73,11.31,16.77,21.26,27.39,28.69,26.63,23.34,16.75,9.12,6.48,16.51
Abarkooh,T2M,2022,3.14,5.75,11.34,17.37,19.65,26.76,27.72,23.64,23.25,18.02,10.28,3.96,15.95
Abarkooh,T2M,2023,0.73,5.19,9.76,13.97,20.49,27.41,29.45,25.96,23.98,18.39,11.2,7.51,16.23
Abarkooh,T2M,2024,6.17,4.62,8.19,12.96,19.02,26.55,30.69,29.69,23.05,17.41,12.16,4.55,16.29
Abarkooh,T2M_MAX,2015,17.56,19.35,24.51,28.73,35.04,38.14,37.04,36.6,35.17,30.14,21.48,19.62,38.14
Abarkooh,T2M_MAX,2016,16.33,20.94,23.72,28.68,34.34,37.08,39.43,36.3,35.94,27.86,24.52,20.65,39.43
Abarkooh,T2M_MAX,2017,19.71,15.77,21.09,30.23,35.25,39.15,39.46,35.46,33,30.87,24.7,22.06,39.46
Abarkooh,T2M_MAX,2018,18.99,20.89,29.08,27.26,33.75,38.5,38.33,37.98,35.44,29.42,19.74,19.2,38.5
Abarkooh,T2M_MAX,2019,16.73,18.58,19.46,23.24,31.12,38.81,39.93,40.31,36.24,30.77,22.34,17.76,40.31
Abarkooh,T2M_MAX,2020,13.39,20.28,21.26,25.76,33.05,37.85,37.26,40.51,32.38,28.45,26.06,16.09,40.51
Abarkooh,T2M_MAX,2021,17.25,19.79,25.71,29.4,35.57,39.3,40.11,37.41,34.21,30.93,25.16,20.2,40.11
Abarkooh,T2M_MAX,2022,16.54,18.88,24.6,28.09,34.13,38.98,41.51,37.58,34.34,29.5,25.23,16.96,41.51
Abarkooh,T2M_MAX,2023,12.17,17.08,22.1,26.46,34.4,40.76,39.95,38.03,35.98,31.24,23.44,19.13,40.76
Abarkooh,T2M_MAX,2024,18.32,19.49,23.66,24.82,34.9,39.27,41.87,40.46,34.78,30.01,25.66,18.75,41.87
Abarkooh,T2M_MIN,2015,-7.45,-6.55,-6.84,1.88,8.81,14.95,15.4,13.76,8.35,6.72,-2.08,-5.59,-7.45
Abarkooh,T2M_MIN,2016,-5.56,-6.59,-2.97,-1.06,8.78,10.77,17.88,13.31,9.34,4.52,-6.87,-4.23,-6.87
Abarkooh,T2M_MIN,2017,-6.25,-8.92,-1.82,-0.05,8.73,12.29,13.43,11.52,10.86,6.64,-3.07,-4.26,-8.92
Abarkooh,T2M_MIN,2018,-7.1,-4.26,-1,1.37,6.4,15.21,14.19,14.74,11.28,2.81,-1.9,-3.76,-7.1
Abarkooh,T2M_MIN,2019,-4.77,-5.61,-4.7,-1.54,5.27,12.41,18.39,14.45,11.25,6.63,-3.12,-4.2,-5.61
Abarkooh,T2M_MIN,2020,-8.94,-7.69,-4.44,1.33,5.92,13.3,16.29,14.57,8.59,3.04,-1.45,-7.01,-8.94
Abarkooh,T2M_MIN,2021,-6.54,-6.5,-2.4,0.49,7.02,15.25,17.5,14.74,11.93,4.36,-0.46,-2.12,-6.54
Abarkooh,T2M_MIN,2022,-7.89,-5.05,-1.9,5.2,5.39,12.9,14.31,10.01,13.74,7.21,1.36,-5.15,-7.89
Abarkooh,T2M_MIN,2023,-9.01,-6.07,-0.95,-1.12,4.67,15.4,17.94,11.07,10.62,8.01,0.35,-2.75,-9.01
Abarkooh,T2M_MIN,2024,-4.07,-8.04,-8.19,2,4.88,14.04,19.41,17.3,7.85,5.07,-1.4,-6.26,-8.19
Khatam,T2M,2015,3.95,5.47,7.88,15.92,20.99,26.16,25.76,24.7,20.72,17.46,8.46,4.1,15.18
Khatam,T2M,2016,3.83,5.53,9.17,12.96,21.81,24.34,28.06,23.3,23.2,16.64,9.88,7.4,15.54
Khatam,T2M,2017,4.18,3.55,7.49,14.78,20.25,26.11,26.24,23.62,20.81,17.25,9.82,5.79,15.05
Khatam,T2M,2018,3.52,7.26,11.95,14.45,18.9,26.31,26.52,25.91,22.91,16.15,8.61,5.76,15.73
Khatam,T2M,2019,4.8,3.28,6.22,11.68,18.5,25.41,28.77,25.48,24.37,17.32,7.37,4.78,14.9
Khatam,T2M,2020,1.52,5.55,7.58,12.88,18.77,25.98,27.02,27.8,20.38,14.35,9.63,4.42,14.68
Khatam,T2M,2021,3.13,7.02,11.53,17.04,21.09,26.63,27.74,25.79,22.52,16.69,9.65,6.65,16.34
Khatam,T2M,2022,3.38,5.9,11.02,16.51,19.77,26.17,27.22,22.32,22.69,17.45,10.42,4.32,15.64
Khatam,T2M,2023,0.35,5.83,9.51,13.51,20.25,26.91,28.89,25.33,23.96,18.33,11.29,7.6,16.03
Khatam,T2M,2024,6.19,5.05,8.18,12.78,18.59,26.22,30.29,28.83,22.7,17.34,12.07,4.51,16.1
Khatam,T2M_MAX,2015,16.87,18.23,22.12,28.43,34.89,37.75,36.29,35.25,34.48,29.26,21.69,17.81,37.75
Khatam,T2M_MAX,2016,14.8,19.46,22.5,27.92,34.6,36.63,38.05,35.24,34.35,27.65,23.78,19.97,38.05
Khatam,T2M_MAX,2017,19.5,13.72,19.04,27.59,34.26,37.84,38.07,34.5,32.4,29.49,23.56,20.13,38.07
Khatam,T2M_MAX,2018,17.5,20.73,27.7,26.26,34.39,38.24,36.98,37.12,34.86,29.15,19.15,18.47,38.24
Khatam,T2M_MAX,2019,15.74,16.7,19.23,22.8,30.17,37.82,38.9,39.42,35.24,30.27,23.19,15.93,39.42
Khatam,T2M_MAX,2020,12.79,18.64,20.34,25.28,32.83,38.39,37.05,38.83,32.21,28.04,24.89,16.41,38.83
Khatam,T2M_MAX,2021,15.8,18.54,25.77,29.78,35.29,38.48,39.52,36.92,33.43,30.79,23.98,18.11,39.52
Khatam,T2M_MAX,2022,14.46,18.67,24.51,27.44,34.16,38.45,40.01,35.92,33.79,29,23.54,17.12,40.01
Khatam,T2M_MAX,2023,11.11,16.35,21.03,24.93,34.32,38.82,39.02,37.38,35.4,31.05,22.42,18.71,39.02
Khatam,T2M_MAX,2024,17.43,19.07,22.51,24.67,34.84,37.32,41.25,39.31,34.48,29.25,24.81,16.02,41.25
Khatam,T2M_MIN,2015,-8.67,-7.05,-6.48,3.46,9.1,13.91,14.82,12.24,7.06,5.86,-3.68,-6.67,-8.67
Khatam,T2M_MIN,2016,-6.01,-6.44,-3.3,-3.5,9.51,8.94,14.7,11.73,9.4,4.81,-5.29,-4.71,-6.44
Khatam,T2M_MIN,2017,-7.09,-9.56,-3.1,-2.38,7.82,10.69,12.61,9.84,8.2,6.28,-4.11,-5.3,-9.56
Khatam,T2M_MIN,2018,-6.58,-4.58,-1.32,1.11,6.3,14.38,13.62,14.2,9.99,0.87,-1.15,-3.94,-6.58
Khatam,T2M_MIN,2019,-6.72,-6.49,-5.48,-1.54,4.81,11.17,17.87,12.47,11.55,7.48,-5.16,-5.38,-6.72
Khatam,T2M_MIN,2020,-7.5,-8.02,-5.66,1.5,5.92,13.24,15.51,11.5,8.14,0.7,-3.05,-6.92,-8.02
Khatam,T2M_MIN,2021,-6.81,-5.71,-2.02,2.45,7.79,12.23,15.69,12.54,11.66,2.88,0.42,-2.91,-6.81
Khatam,T2M_MIN,2022,-6.99,-4.9,-1.29,4.39,5.98,9.93,14.09,8.61,11.5,5.38,-0.16,-5.27,-6.99
Khatam,T2M_MIN,2023,-11.69,-5.64,-1.64,-1.51,4.55,15.29,16.58,10.25,10.34,7.8,0.88,-3.63,-11.69
Khatam,T2M_MIN,2024,-3.8,-8.1,-8.57,1.24,4.52,13.52,19.89,15.46,8.39,4.43,-2.18,-7.36,-8.57
